alpha	numberOfDimensions	numberOfParticles	energy
0.01	1	1	9.17023
0.01	1	4	28.4612
0.01	1	6	98.322
0.21	1	1	0.645798
0.21	1	4	2.74507
0.21	1	6	4.09699
0.41	1	1	0.504618
0.41	1	4	2.13345
0.41	1	6	2.96774
0.61	1	1	0.512687
0.61	1	4	2.18487
0.61	1	6	2.9692
0.81	1	1	0.564204
0.81	1	4	2.41746
0.81	1	6	3.31217
0.96	1	1	0.616662
0.96	1	4	2.60983
0.96	1	6	3.65897
