alpha	numberOfDimensions	numberOfParticles	energy
0.5	1	1	0.500614
0.5	1	4	1.18457
0.5	1	6	6.20078
0.5	2	1	1.00006
0.5	2	4	6.20682
0.5	2	6	8.05307
0.5	3	1	1.49992
0.5	3	4	6.60324
0.5	3	6	9.98968
