alpha	numberOfDimensions	numberOfParticles	energy
0.01	1	1	13.2977
0.01	1	4	25.2826
0.01	1	6	34.0746
0.21	1	1	0.63279
0.21	1	4	2.51225
0.21	1	6	3.67339
0.41	1	1	0.497161
0.41	1	4	2.13529
0.41	1	6	3.63164
0.61	1	1	0.519042
0.61	1	4	2.01166
0.61	1	6	3.85409
0.81	1	1	0.572951
0.81	1	4	2.30922
0.81	1	6	2.62638
0.96	1	1	0.601838
0.96	1	4	0.929774
0.96	1	6	3.63539
